-- ═══════════════════════════════════════════════════════
--  MCS 504 DATABASE PROJECT — ORACLE DATABASE SCHEMA
--  Idempotent Script: PL/SQL and Table creation
-- ═══════════════════════════════════════════════════════

-- ═══════════════════════════════════════════════════════
--  DROP EXISTING TABLES & VIEWS
-- ═══════════════════════════════════════════════════════
DECLARE
    PROCEDURE drop_table(p_table IN VARCHAR2) IS
    BEGIN
        EXECUTE IMMEDIATE 'DROP TABLE ' || p_table || ' CASCADE CONSTRAINTS';
    EXCEPTION
        WHEN OTHERS THEN NULL;
    END;
    PROCEDURE drop_view(p_view IN VARCHAR2) IS
    BEGIN
        EXECUTE IMMEDIATE 'DROP VIEW ' || p_view;
    EXCEPTION
        WHEN OTHERS THEN NULL;
    END;
BEGIN
    drop_table('stand_allocations_audit');
    drop_table('stand_allocations');
    drop_table('dependents');
    drop_table('stand_owners');
    drop_table('stand_subdivisions');
    drop_table('stand_survey');
    drop_table('stands');
    drop_table('metadata_catalogue');
    
    drop_view('vw_allocated_stands');
    drop_view('vw_owner_portfolio');
    drop_view('vw_disability_summary');
END;
/

-- ═══════════════════════════════════════════════════════
--  1. TABLE CREATIONS & CONSTRAINTS (IDENTITY COLUMNS)
-- ═══════════════════════════════════════════════════════

-- Entity 1: stands
CREATE TABLE stands (
    stand_number VARCHAR2(20) NOT NULL,
    location VARCHAR2(200) NOT NULL,
    size_m2 NUMBER(12,2) NOT NULL,
    activity VARCHAR2(50) NOT NULL,
    picture_url VARCHAR2(500),
    gps_coordinates VARCHAR2(500) NOT NULL,
    location_city VARCHAR2(100) NOT NULL,
    created_at TIMESTAMP DEFAULT CURRENT_TIMESTAMP,
    CONSTRAINT pk_stands PRIMARY KEY (stand_number),
    CONSTRAINT chk_stands_size CHECK (size_m2 > 0),
    CONSTRAINT chk_stands_activity CHECK (activity IN ('Residential', 'Commercial'))
);

-- Entity 2: stand_survey
CREATE TABLE stand_survey (
    survey_id NUMBER GENERATED BY DEFAULT AS IDENTITY PRIMARY KEY,
    stand_number VARCHAR2(20) NOT NULL,
    survey_status NUMBER(1) DEFAULT 0 NOT NULL,
    province VARCHAR2(100) NOT NULL,
    district VARCHAR2(100) NOT NULL,
    created_at TIMESTAMP DEFAULT CURRENT_TIMESTAMP,
    CONSTRAINT fk_survey_stand FOREIGN KEY (stand_number) 
        REFERENCES stands (stand_number) ON DELETE CASCADE
);

-- Entity 3: stand_subdivisions
CREATE TABLE stand_subdivisions (
    subdivision_id NUMBER GENERATED BY DEFAULT AS IDENTITY PRIMARY KEY,
    stand_number VARCHAR2(20) NOT NULL,
    allocation_status NUMBER(1) DEFAULT 0 NOT NULL,
    size_m2 NUMBER(10,2) NOT NULL,
    remarks CLOB,
    created_at TIMESTAMP DEFAULT CURRENT_TIMESTAMP,
    CONSTRAINT fk_subdivisions_stand FOREIGN KEY (stand_number) 
        REFERENCES stands (stand_number),
    CONSTRAINT chk_subdivision_size CHECK (size_m2 > 0)
);

-- Entity 4: stand_owners
CREATE TABLE stand_owners (
    stand_owner_id NUMBER GENERATED BY DEFAULT AS IDENTITY PRIMARY KEY,
    firstname VARCHAR2(100) NOT NULL,
    date_of_birth DATE NOT NULL,
    gender VARCHAR2(10) NOT NULL,
    disability_status NUMBER(1) DEFAULT 0 NOT NULL,
    province VARCHAR2(100) NOT NULL,
    district VARCHAR2(100) NOT NULL,
    created_at TIMESTAMP DEFAULT CURRENT_TIMESTAMP,
    CONSTRAINT chk_owners_gender CHECK (gender IN ('Male', 'Female', 'Other'))
);

-- Entity 5: dependents
CREATE TABLE dependents (
    dependent_id NUMBER GENERATED BY DEFAULT AS IDENTITY PRIMARY KEY,
    stand_owner_id NUMBER NOT NULL,
    firstname VARCHAR2(100) NOT NULL,
    date_of_birth DATE NOT NULL,
    gender VARCHAR2(10) NOT NULL,
    disability_status NUMBER(1) DEFAULT 0 NOT NULL,
    created_at TIMESTAMP DEFAULT CURRENT_TIMESTAMP,
    CONSTRAINT fk_dependents_owner FOREIGN KEY (stand_owner_id) 
        REFERENCES stand_owners (stand_owner_id) ON DELETE CASCADE,
    CONSTRAINT chk_dependents_gender CHECK (gender IN ('Male', 'Female', 'Other'))
);

-- Entity 6: stand_allocations
CREATE TABLE stand_allocations (
    allocation_id NUMBER GENERATED BY DEFAULT AS IDENTITY PRIMARY KEY,
    stand_owner_id NUMBER NOT NULL,
    subdivision_id NUMBER NOT NULL,
    date_of_allocation DATE NOT NULL,
    price_per_m2 NUMBER(10,2) NOT NULL,
    created_at TIMESTAMP DEFAULT CURRENT_TIMESTAMP,
    CONSTRAINT fk_allocations_owner FOREIGN KEY (stand_owner_id) 
        REFERENCES stand_owners (stand_owner_id),
    CONSTRAINT fk_allocations_subdivision FOREIGN KEY (subdivision_id) 
        REFERENCES stand_subdivisions (subdivision_id),
    CONSTRAINT chk_allocations_price CHECK (price_per_m2 > 0)
);

-- Audit Table
CREATE TABLE stand_allocations_audit (
    audit_id NUMBER GENERATED BY DEFAULT AS IDENTITY PRIMARY KEY,
    action_type VARCHAR2(10) NOT NULL,
    allocation_id NUMBER NOT NULL,
    stand_owner_id NUMBER NOT NULL,
    subdivision_id NUMBER NOT NULL,
    date_of_allocation DATE NOT NULL,
    price_per_m2 NUMBER(10,2) NOT NULL,
    changed_by VARCHAR2(100) NOT NULL,
    changed_at TIMESTAMP DEFAULT CURRENT_TIMESTAMP
);

-- Metadata Catalog Table
CREATE TABLE metadata_catalogue (
    table_name VARCHAR2(100) NOT NULL,
    column_name VARCHAR2(100) NOT NULL,
    data_type VARCHAR2(50) NOT NULL,
    is_pii NUMBER(1) DEFAULT 0,
    data_classification VARCHAR2(50) DEFAULT 'Internal',
    data_owner VARCHAR2(100) DEFAULT 'Ministry of Lands',
    data_steward VARCHAR2(100) DEFAULT 'GIS Department',
    CONSTRAINT pk_metadata PRIMARY KEY (table_name, column_name)
);


-- ═══════════════════════════════════════════════════════
--  2. VIEWS CREATION
-- ═══════════════════════════════════════════════════════

-- View 1: Allocated Stands
CREATE OR REPLACE VIEW vw_allocated_stands AS
SELECT 
    sa.allocation_id,
    s.stand_number,
    s.location AS stand_location,
    sub.subdivision_id,
    sub.size_m2 AS sub_size_m2,
    so.stand_owner_id,
    so.firstname AS owner_name,
    so.disability_status,
    sa.date_of_allocation,
    (sub.size_m2 * sa.price_per_m2) AS total_allocation_price
FROM stand_allocations sa
JOIN stand_subdivisions sub ON sa.subdivision_id = sub.subdivision_id
JOIN stands s ON sub.stand_number = s.stand_number
JOIN stand_owners so ON sa.stand_owner_id = so.stand_owner_id;

-- View 2: Owner Portfolio
CREATE OR REPLACE VIEW vw_owner_portfolio AS
SELECT 
    so.stand_owner_id,
    so.firstname AS owner_name,
    so.province,
    COUNT(sa.allocation_id) AS stands_held_count,
    SUM(sub.size_m2) AS total_m2_owned,
    SUM(sub.size_m2 * sa.price_per_m2) AS total_portfolio_value
FROM stand_owners so
LEFT JOIN stand_allocations sa ON so.stand_owner_id = sa.stand_owner_id
LEFT JOIN stand_subdivisions sub ON sa.subdivision_id = sub.subdivision_id
GROUP BY so.stand_owner_id, so.firstname, so.province;

-- View 3: Disability Summary
CREATE OR REPLACE VIEW vw_disability_summary AS
SELECT 
    p.province,
    COALESCE(owner_stats.disabled_owners_count, 0) AS disabled_owners_count,
    COALESCE(dep_stats.disabled_dependents_count, 0) AS disabled_dependents_count
FROM (
    SELECT DISTINCT province FROM stand_owners
    UNION 
    SELECT DISTINCT province FROM stand_survey
) p
LEFT JOIN (
    SELECT province, COUNT(*) AS disabled_owners_count
    FROM stand_owners 
    WHERE disability_status = 1 
    GROUP BY province
) owner_stats ON p.province = owner_stats.province
LEFT JOIN (
    SELECT so.province, COUNT(*) AS disabled_dependents_count
    FROM dependents d
    JOIN stand_owners so ON d.stand_owner_id = so.stand_owner_id
    WHERE d.disability_status = 1
    GROUP BY so.province
) dep_stats ON p.province = dep_stats.province;


-- ═══════════════════════════════════════════════════════
--  3. TRIGGERS
-- ═══════════════════════════════════════════════════════

-- Trigger 1: Auditing
CREATE OR REPLACE TRIGGER trg_audit_allocations_ins
AFTER INSERT ON stand_allocations
FOR EACH ROW
BEGIN
    INSERT INTO stand_allocations_audit 
    (action_type, allocation_id, stand_owner_id, subdivision_id, date_of_allocation, price_per_m2, changed_by)
    VALUES ('INSERT', :NEW.allocation_id, :NEW.stand_owner_id, :NEW.subdivision_id, :NEW.date_of_allocation, :NEW.price_per_m2, USER);
END;
/

CREATE OR REPLACE TRIGGER trg_audit_allocations_upd
AFTER UPDATE ON stand_allocations
FOR EACH ROW
BEGIN
    INSERT INTO stand_allocations_audit 
    (action_type, allocation_id, stand_owner_id, subdivision_id, date_of_allocation, price_per_m2, changed_by)
    VALUES ('UPDATE', :NEW.allocation_id, :NEW.stand_owner_id, :NEW.subdivision_id, :NEW.date_of_allocation, :NEW.price_per_m2, USER);
END;
/

CREATE OR REPLACE TRIGGER trg_audit_allocations_del
AFTER DELETE ON stand_allocations
FOR EACH ROW
BEGIN
    INSERT INTO stand_allocations_audit 
    (action_type, allocation_id, stand_owner_id, subdivision_id, date_of_allocation, price_per_m2, changed_by)
    VALUES ('DELETE', :OLD.allocation_id, :OLD.stand_owner_id, :OLD.subdivision_id, :OLD.date_of_allocation, :OLD.price_per_m2, USER);
END;
/

-- Trigger 2: Check Subdivision Size BEFORE INSERT
CREATE OR REPLACE TRIGGER trg_check_subdivision_size
BEFORE INSERT ON stand_subdivisions
FOR EACH ROW
DECLARE
    v_parent_size NUMBER(12,2);
    v_current_sum NUMBER(12,2);
    v_survey_exists NUMBER := 0;
BEGIN
    -- Business Rule: A stand must have an active survey status verified before subdividing.
    SELECT COUNT(*) INTO v_survey_exists 
    FROM stand_survey 
    WHERE stand_number = :NEW.stand_number AND survey_status = 1;
    
    IF v_survey_exists = 0 THEN
        raise_application_error(-20001, 'Business Rule Violation: A stand must have an active survey status verified before subdividing.');
    END IF;

    -- Fetch stand size
    SELECT size_m2 INTO v_parent_size FROM stands WHERE stand_number = :NEW.stand_number;
    
    -- Sum existing subdivision sizes
    SELECT COALESCE(SUM(size_m2), 0) INTO v_current_sum 
    FROM stand_subdivisions 
    WHERE stand_number = :NEW.stand_number;
    
    IF (v_current_sum + :NEW.size_m2) > v_parent_size THEN
        raise_application_error(-20002, 'Business Rule Violation: Total subdivisions size exceeds parent stand capacity.');
    END IF;
END;
/

-- Trigger 3: Update Allocation Status AFTER INSERT/DELETE
CREATE OR REPLACE TRIGGER trg_allocation_status_ins
AFTER INSERT ON stand_allocations
FOR EACH ROW
BEGIN
    UPDATE stand_subdivisions 
    SET allocation_status = 1 
    WHERE subdivision_id = :NEW.subdivision_id;
END;
/

CREATE OR REPLACE TRIGGER trg_allocation_status_del
AFTER DELETE ON stand_allocations
FOR EACH ROW
BEGIN
    UPDATE stand_subdivisions 
    SET allocation_status = 0 
    WHERE subdivision_id = :OLD.subdivision_id;
END;
/


-- ═══════════════════════════════════════════════════════
--  4. PL/SQL PACKAGE DEFINITIONS (PROCEDURES)
-- ═══════════════════════════════════════════════════════

CREATE OR REPLACE PACKAGE pkg_land_stand AS
    PROCEDURE sp_allocate_stand(
        p_owner_id IN NUMBER,
        p_subdivision_id IN NUMBER,
        p_price_per_m2 IN NUMBER
    );
    
    TYPE t_owner_report_row IS RECORD (
        stand_owner_id NUMBER,
        firstname VARCHAR2(100),
        province VARCHAR2(100),
        district VARCHAR2(100),
        allocation_id NUMBER,
        date_of_allocation DATE,
        price_per_m2 NUMBER(10,2),
        subdivision_id NUMBER,
        size_m2 NUMBER(10,2),
        stand_number VARCHAR2(20),
        location VARCHAR2(200)
    );
    TYPE t_owner_report_cursor IS REF CURSOR RETURN t_owner_report_row;
    
    PROCEDURE sp_owner_report(
        p_owner_id IN NUMBER,
        p_cursor OUT t_owner_report_cursor
    );
    
    TYPE t_sub_row IS RECORD (
        subdivision_id NUMBER,
        stand_number VARCHAR2(20),
        size_m2 NUMBER(10,2),
        remarks VARCHAR2(2000),
        province VARCHAR2(100),
        district VARCHAR2(100)
    );
    TYPE t_sub_cursor IS REF CURSOR RETURN t_sub_row;

    PROCEDURE sp_available_subdivisions(
        p_province IN VARCHAR2,
        p_district IN VARCHAR2,
        p_cursor OUT t_sub_cursor
    );
END pkg_land_stand;
/

CREATE OR REPLACE PACKAGE BODY pkg_land_stand AS

    PROCEDURE sp_allocate_stand(
        p_owner_id IN NUMBER,
        p_subdivision_id IN NUMBER,
        p_price_per_m2 IN NUMBER
    ) IS
        v_already_allocated NUMBER := 0;
        v_is_owner_valid NUMBER := 0;
        v_is_sub_valid NUMBER := 0;
    BEGIN
        -- Check Owner
        SELECT COUNT(*) INTO v_is_owner_valid FROM stand_owners WHERE stand_owner_id = p_owner_id;
        IF v_is_owner_valid = 0 THEN
            raise_application_error(-20010, 'Validation Error: Owner ID is not registered.');
        END IF;

        -- Check Subdivision
        SELECT COUNT(*) INTO v_is_sub_valid FROM stand_subdivisions WHERE subdivision_id = p_subdivision_id;
        IF v_is_sub_valid = 0 THEN
            raise_application_error(-20011, 'Validation Error: Subdivision ID does not exist.');
        END IF;

        -- Check price
        IF p_price_per_m2 <= 0 THEN
            raise_application_error(-20012, 'Validation Error: Price per m2 must be positive.');
        END IF;

        -- Check if already allocated
        SELECT allocation_status INTO v_already_allocated FROM stand_subdivisions WHERE subdivision_id = p_subdivision_id;
        IF v_already_allocated = 1 THEN
            raise_application_error(-20013, 'Business Rule Violation: This subdivision is already allocated.');
        END IF;

        -- Execute allocation
        INSERT INTO stand_allocations (stand_owner_id, subdivision_id, date_of_allocation, price_per_m2)
        VALUES (p_owner_id, p_subdivision_id, SYSDATE, p_price_per_m2);
        
        COMMIT;
    EXCEPTION
        WHEN OTHERS THEN
            ROLLBACK;
            RAISE;
    END sp_allocate_stand;

    PROCEDURE sp_owner_report(
        p_owner_id IN NUMBER,
        p_cursor OUT t_owner_report_cursor
    ) IS
    BEGIN
        OPEN p_cursor FOR
        SELECT 
            so.stand_owner_id,
            so.firstname,
            so.province,
            so.district,
            sa.allocation_id,
            sa.date_of_allocation,
            sa.price_per_m2,
            sub.subdivision_id,
            sub.size_m2,
            s.stand_number,
            s.location
        FROM stand_owners so
        LEFT JOIN stand_allocations sa ON so.stand_owner_id = sa.stand_owner_id
        LEFT JOIN stand_subdivisions sub ON sa.subdivision_id = sub.subdivision_id
        LEFT JOIN stands s ON sub.stand_number = s.stand_number
        WHERE so.stand_owner_id = p_owner_id;
    END sp_owner_report;

    PROCEDURE sp_available_subdivisions(
        p_province IN VARCHAR2,
        p_district IN VARCHAR2,
        p_cursor OUT t_sub_cursor
    ) IS
    BEGIN
        OPEN p_cursor FOR
        SELECT 
            sub.subdivision_id,
            sub.stand_number,
            sub.size_m2,
            CAST(sub.remarks AS VARCHAR2(2000)) AS remarks,
            sur.province,
            sur.district
        FROM stand_subdivisions sub
        JOIN stand_survey sur ON sub.stand_number = sur.stand_number
        WHERE sub.allocation_status = 0
          AND sur.province = p_province
          AND sur.district = p_district;
    END sp_available_subdivisions;

END pkg_land_stand;
/


-- ═══════════════════════════════════════════════════════
--  5. OPTIMISATIONS & INDEXING (ORACLE SPECIFIC)
-- ═══════════════════════════════════════════════════════

-- 1. Composite Index on Geography Location search
CREATE INDEX idx_survey_oracle_loc ON stand_survey (province, district);
CREATE INDEX idx_owners_oracle_loc ON stand_owners (province, district);

-- 2. Function-based Index on Upper Firstname for fast searches
CREATE INDEX idx_owner_upper_first ON stand_owners (UPPER(firstname));

-- 3. Filtered Index (Simulated in Oracle using a function-based index with DECODE/NULL representation)
CREATE INDEX idx_sub_unallocated_oracle ON stand_subdivisions (DECODE(allocation_status, 0, subdivision_id, NULL));


-- ═══════════════════════════════════════════════════════
--  6. SECURITY MEASURES & PROFILES
-- ═══════════════════════════════════════════════════════

-- Comments for Oracle Context VPD Setup (Can be executed by SYSTEM/DBA)
-- CREATE CONTEXT land_app_ctx USING pkg_security_context;
-- CREATE OR REPLACE PACKAGE pkg_security_context AS ...

-- Role assignments and privileges
-- CREATE ROLE land_readonly;
-- GRANT SELECT ON stands TO land_readonly;
-- GRANT SELECT ON stand_survey TO land_readonly;
-- ...
-- CREATE ROLE land_app;
-- GRANT EXECUTE ON pkg_land_stand TO land_app;


-- ═══════════════════════════════════════════════════════
--  7. SEED DATA GENERATION (ZIMBABWE PLACE NAMES)
-- ═══════════════════════════════════════════════════════

INSERT INTO stands (stand_number, location, size_m2, activity, picture_url, gps_coordinates, location_city) VALUES
('STD-HAR-001', 'Borrowdale Brooke Golf Estate, Section A', 4000.00, 'Residential', 'http://images.lands.gov.zw/stands/std-har-001.png', 'POLYGON((31.111 -17.722, 31.115 -17.722, 31.115 -17.726, 31.111 -17.726, 31.111 -17.722))', 'Harare');
INSERT INTO stands (stand_number, location, size_m2, activity, picture_url, gps_coordinates, location_city) VALUES
('STD-BUL-002', 'Suburbs Road Near Ascot Mall', 3000.00, 'Residential', 'http://images.lands.gov.zw/stands/std-bul-002.png', 'POLYGON((28.601 -20.155, 28.605 -20.155, 28.605 -20.159, 28.601 -20.159, 28.601 -20.155))', 'Bulawayo');
INSERT INTO stands (stand_number, location, size_m2, activity, picture_url, gps_coordinates, location_city) VALUES
('STD-MUT-003', 'Chitepo Main Street Boulevard Commercial Hub', 7500.00, 'Commercial', 'http://images.lands.gov.zw/stands/std-mut-003.png', 'POLYGON((32.668 -18.971, 32.674 -18.971, 32.674 -18.976, 32.668 -18.976, 32.668 -18.971))', 'Mutare');
INSERT INTO stands (stand_number, location, size_m2, activity, picture_url, gps_coordinates, location_city) VALUES
('STD-GWE-004', 'Senga Industrial Area Main Bypass', 12000.00, 'Commercial', 'http://images.lands.gov.zw/stands/std-gwe-004.png', 'POLYGON((29.831 -19.461, 29.841 -19.461, 29.841 -19.469, 29.831 -19.469, 29.831 -19.461))', 'Gweru');
INSERT INTO stands (stand_number, location, size_m2, activity, picture_url, gps_coordinates, location_city) VALUES
('STD-MAS-005', 'Rhodene High-density Layout Block D', 2500.00, 'Residential', 'http://images.lands.gov.zw/stands/std-mas-005.png', 'POLYGON((30.825 -20.065, 30.829 -20.065, 30.829 -20.069, 30.825 -20.069, 30.825 -20.065))', 'Masvingo');

INSERT INTO stand_survey (stand_number, survey_status, province, district) VALUES ('STD-HAR-001', 1, 'Harare', 'Harare Central');
INSERT INTO stand_survey (stand_number, survey_status, province, district) VALUES ('STD-BUL-002', 1, 'Bulawayo', 'Bulawayo Central');
INSERT INTO stand_survey (stand_number, survey_status, province, district) VALUES ('STD-MUT-003', 1, 'Manicaland', 'Mutare');
INSERT INTO stand_survey (stand_number, survey_status, province, district) VALUES ('STD-GWE-004', 1, 'Midlands', 'Gweru');
INSERT INTO stand_survey (stand_number, survey_status, province, district) VALUES ('STD-MAS-005', 1, 'Masvingo', 'Masvingo');

INSERT INTO stand_subdivisions (stand_number, allocation_status, size_m2, remarks) VALUES ('STD-HAR-001', 0, 1500.00, 'Divided Brooke plot East Wing');
INSERT INTO stand_subdivisions (stand_number, allocation_status, size_m2, remarks) VALUES ('STD-HAR-001', 0, 2000.00, 'Divided Brooke plot West Wing');
INSERT INTO stand_subdivisions (stand_number, allocation_status, size_m2, remarks) VALUES ('STD-BUL-002', 0, 1200.00, 'Ascot subdiv Sector 1');
INSERT INTO stand_subdivisions (stand_number, allocation_status, size_m2, remarks) VALUES ('STD-BUL-002', 0, 1500.00, 'Ascot subdiv Sector 2');
INSERT INTO stand_subdivisions (stand_number, allocation_status, size_m2, remarks) VALUES ('STD-MUT-003', 0, 3500.00, 'Commercial plaza division North');
INSERT INTO stand_subdivisions (stand_number, allocation_status, size_m2, remarks) VALUES ('STD-MUT-003', 0, 3000.00, 'Commercial plaza division South');
INSERT INTO stand_subdivisions (stand_number, allocation_status, size_m2, remarks) VALUES ('STD-GWE-004', 0, 6000.00, 'Senga Heavy Yard Subdivision A');
INSERT INTO stand_subdivisions (stand_number, allocation_status, size_m2, remarks) VALUES ('STD-MAS-005', 0, 1000.00, 'Rhodene Corner Lot A');
INSERT INTO stand_subdivisions (stand_number, allocation_status, size_m2, remarks) VALUES ('STD-MAS-005', 0, 1200.00, 'Rhodene Corner Lot B');

INSERT INTO stand_owners (firstname, date_of_birth, gender, disability_status, province, district) VALUES ('Tendai Mupfumi', TO_DATE('1980-04-12', 'YYYY-MM-DD'), 'Male', 0, 'Harare', 'Harare Central');
INSERT INTO stand_owners (firstname, date_of_birth, gender, disability_status, province, district) VALUES ('Chipo Sibanda', TO_DATE('1988-11-23', 'YYYY-MM-DD'), 'Female', 1, 'Bulawayo', 'Bulawayo Central');
INSERT INTO stand_owners (firstname, date_of_birth, gender, disability_status, province, district) VALUES ('Farai Mutasa', TO_DATE('1975-06-30', 'YYYY-MM-DD'), 'Male', 0, 'Manicaland', 'Mutare');
INSERT INTO stand_owners (firstname, date_of_birth, gender, disability_status, province, district) VALUES ('Nyarai Zhou', TO_DATE('1992-01-15', 'YYYY-MM-DD'), 'Female', 0, 'Midlands', 'Gweru');
INSERT INTO stand_owners (firstname, date_of_birth, gender, disability_status, province, district) VALUES ('Tinashe Moyo', TO_DATE('1982-08-05', 'YYYY-MM-DD'), 'Male', 1, 'Masvingo', 'Masvingo');

INSERT INTO dependents (stand_owner_id, firstname, date_of_birth, gender, disability_status) VALUES (1, 'Rufaro Mupfumi', TO_DATE('2010-05-14', 'YYYY-MM-DD'), 'Female', 0);
INSERT INTO dependents (stand_owner_id, firstname, date_of_birth, gender, disability_status) VALUES (1, 'Kundai Mupfumi', TO_DATE('2015-09-20', 'YYYY-MM-DD'), 'Male', 0);
INSERT INTO dependents (stand_owner_id, firstname, date_of_birth, gender, disability_status) VALUES (2, 'Lindiwe Sibanda', TO_DATE('2012-03-04', 'YYYY-MM-DD'), 'Female', 1);
INSERT INTO dependents (stand_owner_id, firstname, date_of_birth, gender, disability_status) VALUES (3, 'Tariro Mutasa', TO_DATE('2008-07-22', 'YYYY-MM-DD'), 'Female', 0);
INSERT INTO dependents (stand_owner_id, firstname, date_of_birth, gender, disability_status) VALUES (5, 'Tatenda Moyo', TO_DATE('2014-12-01', 'YYYY-MM-DD'), 'Male', 0);

-- Call Stored Procedures in PL/SQL block
BEGIN
    pkg_land_stand.sp_allocate_stand(1, 1, 150.00);
    pkg_land_stand.sp_allocate_stand(2, 3, 120.00);
    pkg_land_stand.sp_allocate_stand(3, 5, 200.00);
    pkg_land_stand.sp_allocate_stand(4, 7, 85.00);
    pkg_land_stand.sp_allocate_stand(5, 8, 110.00);
END;
/

-- Populate Data Catalogue Table manually for compliance
INSERT INTO metadata_catalogue (table_name, column_name, data_type, is_pii, data_classification) VALUES ('stands', 'stand_number', 'VARCHAR2', 0, 'Public');
INSERT INTO metadata_catalogue (table_name, column_name, data_type, is_pii, data_classification) VALUES ('stands', 'gps_coordinates', 'VARCHAR2', 0, 'Internal');
INSERT INTO metadata_catalogue (table_name, column_name, data_type, is_pii, data_classification) VALUES ('stand_owners', 'firstname', 'VARCHAR2', 1, 'Confidential');
INSERT INTO metadata_catalogue (table_name, column_name, data_type, is_pii, data_classification) VALUES ('stand_owners', 'date_of_birth', 'DATE', 1, 'Confidential');
INSERT INTO metadata_catalogue (table_name, column_name, data_type, is_pii, data_classification) VALUES ('stand_owners', 'gender', 'VARCHAR2', 1, 'Confidential');
INSERT INTO metadata_catalogue (table_name, column_name, data_type, is_pii, data_classification) VALUES ('stand_owners', 'disability_status', 'NUMBER', 1, 'Confidential');
INSERT INTO metadata_catalogue (table_name, column_name, data_type, is_pii, data_classification) VALUES ('dependents', 'firstname', 'VARCHAR2', 1, 'Confidential');
INSERT INTO metadata_catalogue (table_name, column_name, data_type, is_pii, data_classification) VALUES ('dependents', 'date_of_birth', 'DATE', 1, 'Confidential');
COMMIT;
